distance,x_position,y_position,scan_number,line_type
11.878167233501646,225.0,200.0,0,horizontal
22.460600713998794,225.6024096385542,200.0,0,horizontal
27.851400015601936,226.2048192771084,200.0,0,horizontal
12.94343489669423,226.80722891566265,200.0,0,horizontal
23.74505743153008,227.40963855421688,200.0,0,horizontal
25.85011359460136,228.0120481927711,200.0,0,horizontal
13.648429173952064,228.6144578313253,200.0,0,horizontal
10.382707424916223,229.2168674698795,200.0,0,horizontal
15.110271759371534,229.81927710843374,200.0,0,horizontal
18.94312505727893,230.42168674698797,200.0,0,horizontal
18.61723058517864,231.02409638554218,200.0,0,horizontal
20.298850154818073,231.6265060240964,200.0,0,horizontal
12.065390070251249,232.2289156626506,200.0,0,horizontal
13.677182925018208,232.8313253012048,200.0,0,horizontal
18.491577894736054,233.43373493975903,200.0,0,horizontal
12.258707675253696,234.03614457831327,200.0,0,horizontal
18.86403188109243,234.63855421686748,200.0,0,horizontal
22.194279084265656,235.24096385542168,200.0,0,horizontal
26.34838059796308,235.8433734939759,200.0,0,horizontal
16.656437980767855,236.44578313253012,200.0,0,horizontal
11.515240418979822,237.04819277108433,200.0,0,horizontal
20.94484769284454,237.65060240963857,200.0,0,horizontal
27.675666896883882,238.25301204819277,200.0,0,horizontal
10.61807585815405,238.85542168674698,200.0,0,horizontal
25.38770654216666,239.4578313253012,200.0,0,horizontal
10.935467530721695,240.06024096385542,200.0,0,horizontal
24.173222751928098,240.66265060240966,200.0,0,horizontal
28.702343660687816,241.26506024096386,200.0,0,horizontal
10.376450258830827,241.86746987951807,200.0,0,horizontal
10.61550943997457,242.46987951807228,200.0,0,horizontal
15.903270950700863,243.0722891566265,200.0,0,horizontal
18.625139098390697,243.67469879518072,200.0,0,horizontal
16.45061039371201,244.27710843373495,200.0,0,horizontal
28.906239434221302,244.87951807228916,200.0,0,horizontal
25.605741572493255,245.48192771084337,200.0,0,horizontal
15.129349316026888,246.0843373493976,200.0,0,horizontal
13.571707222042942,246.6867469879518,200.0,0,horizontal
25.222332543524836,247.28915662650604,200.0,0,horizontal
14.820100994910764,247.89156626506025,200.0,0,horizontal
14.940985968971695,248.49397590361446,200.0,0,horizontal
24.219244164362024,249.09638554216866,200.0,0,horizontal
20.460620606721726,249.6987951807229,200.0,0,horizontal
25.216368001642955,250.3012048192771,200.0,0,horizontal
29.431522952154502,250.90361445783134,200.0,0,horizontal
26.50036763575431,251.50602409638554,200.0,0,horizontal
24.709895159476392,252.10843373493975,200.0,0,horizontal
28.061659053150038,252.710843373494,200.0,0,horizontal
17.37281104888525,253.3132530120482,200.0,0,horizontal
29.62153934908827,253.91566265060243,200.0,0,horizontal
21.569415104958097,254.51807228915663,200.0,0,horizontal
19.8735210174914,255.12048192771084,200.0,0,horizontal
11.197665296843759,255.72289156626505,200.0,0,horizontal
27.129409466765463,256.3253012048193,200.0,0,horizontal
14.646793603741227,256.92771084337346,200.0,0,horizontal
15.008144662355656,257.5301204819277,200.0,0,horizontal
25.07479104478589,258.13253012048193,200.0,0,horizontal
28.41391192441051,258.73493975903614,200.0,0,horizontal
11.41652426356872,259.3373493975904,200.0,0,horizontal
24.86842041473404,259.93975903614455,200.0,0,horizontal
10.240155227369023,260.5421686746988,200.0,0,horizontal
26.610098570013637,261.144578313253,200.0,0,horizontal
15.866409527294557,261.7469879518072,200.0,0,horizontal
23.687391880700837,262.34939759036143,200.0,0,horizontal
14.875140601389882,262.95180722891564,200.0,0,horizontal
11.759294877707774,263.5542168674699,200.0,0,horizontal
16.390214422665906,264.1566265060241,200.0,0,horizontal
12.035198107733017,264.7590361445783,200.0,0,horizontal
17.96392619091784,265.3614457831325,200.0,0,horizontal
15.913797279826365,265.96385542168673,200.0,0,horizontal
10.435699118015542,266.566265060241,200.0,0,horizontal
23.416244567580744,267.1686746987952,200.0,0,horizontal
29.254628530037003,267.7710843373494,200.0,0,horizontal
21.990688150861573,268.3734939759036,200.0,0,horizontal
10.375969090697373,268.9759036144578,200.0,0,horizontal
17.724654099974558,269.5783132530121,200.0,0,horizontal
29.44776296454407,270.1807228915663,200.0,0,horizontal
28.716518363047157,270.7831325301205,200.0,0,horizontal
17.306055532600798,271.3855421686747,200.0,0,horizontal
18.633805709135736,271.9879518072289,200.0,0,horizontal
15.683214979674629,272.5903614457831,200.0,0,horizontal
24.323609262042737,273.1927710843373,200.0,0,horizontal
16.95036468453732,273.7951807228916,200.0,0,horizontal
24.72383212739892,274.3975903614458,200.0,0,horizontal
11.71286123813868,275.0,200.0,0,horizontal
28.212051826539952,275.6024096385542,200.0,0,horizontal
16.668031056174293,276.2048192771084,200.0,0,horizontal
23.9069808824872,276.8072289156627,200.0,0,horizontal
25.727832469688614,277.4096385542169,200.0,0,horizontal
26.15475135833371,278.0120481927711,200.0,0,horizontal
16.028265816889693,278.6144578313253,200.0,0,horizontal
17.0654645121937,279.2168674698795,200.0,0,horizontal
22.680470285892046,279.81927710843377,200.0,0,horizontal
20.072701659787665,280.421686746988,200.0,0,horizontal
29.133836460787595,281.0240963855422,200.0,0,horizontal
23.306776441083215,281.6265060240964,200.0,0,horizontal
21.715138816393818,282.2289156626506,200.0,0,horizontal
24.45377607151425,282.83132530120486,200.0,0,horizontal
14.098468124442636,283.43373493975906,200.0,0,horizontal
29.707567131533153,284.03614457831327,200.0,0,horizontal
24.371050433670696,284.6385542168675,200.0,0,horizontal
11.315627992753726,285.2409638554217,200.0,0,horizontal
23.778444210180332,285.8433734939759,200.0,0,horizontal
21.983876629299836,286.4457831325301,200.0,0,horizontal
16.657746789498354,287.04819277108436,200.0,0,horizontal
27.31386579629672,287.65060240963857,200.0,0,horizontal
22.0143548322106,288.2530120481928,200.0,0,horizontal
17.071714058427617,288.855421686747,200.0,0,horizontal
11.803487530573724,289.4578313253012,200.0,0,horizontal
16.063317189205485,290.06024096385545,200.0,0,horizontal
28.02754052175721,290.66265060240966,200.0,0,horizontal
15.713719274409845,291.26506024096386,200.0,0,horizontal
23.99368819944904,291.86746987951807,200.0,0,horizontal
16.322151854559667,292.4698795180723,200.0,0,horizontal
18.68276222414088,293.07228915662654,200.0,0,horizontal
26.98741716686355,293.67469879518075,200.0,0,horizontal
23.41254401494051,294.27710843373495,200.0,0,horizontal
23.873605459819203,294.87951807228916,200.0,0,horizontal
16.387447429446453,295.48192771084337,200.0,0,horizontal
19.166859422081096,296.08433734939763,200.0,0,horizontal
12.80126057626427,296.6867469879518,200.0,0,horizontal
17.027117234521455,297.28915662650604,200.0,0,horizontal
16.826724866775187,297.89156626506025,200.0,0,horizontal
25.22797968710253,298.49397590361446,200.0,0,horizontal
14.730618851732027,299.09638554216866,200.0,0,horizontal
12.601454474508865,299.69879518072287,200.0,0,horizontal
21.872339344265683,300.30120481927713,200.0,0,horizontal
13.896610264634797,300.90361445783134,200.0,0,horizontal
28.983443572685946,301.50602409638554,200.0,0,horizontal
20.29879888294341,302.10843373493975,200.0,0,horizontal
28.743404635363255,302.71084337349396,200.0,0,horizontal
16.283747900288034,303.3132530120482,200.0,0,horizontal
15.693565720052511,303.9156626506024,200.0,0,horizontal
28.028086723129263,304.51807228915663,200.0,0,horizontal
13.333697072071526,305.12048192771084,200.0,0,horizontal
28.024246039758594,305.72289156626505,200.0,0,horizontal
22.018488809358878,306.3253012048193,200.0,0,horizontal
19.25735014126291,306.9277108433735,200.0,0,horizontal
12.566633831735414,307.5301204819277,200.0,0,horizontal
10.105900417237347,308.13253012048193,200.0,0,horizontal
20.847376990995784,308.73493975903614,200.0,0,horizontal
21.400575568680793,309.3373493975904,200.0,0,horizontal
15.57638943637508,309.93975903614455,200.0,0,horizontal
28.559223771351768,310.5421686746988,200.0,0,horizontal
14.701145672402646,311.144578313253,200.0,0,horizontal
25.878102859541535,311.7469879518072,200.0,0,horizontal
25.964886200914755,312.34939759036143,200.0,0,horizontal
11.349101585052559,312.95180722891564,200.0,0,horizontal
21.818968997000145,313.5542168674699,200.0,0,horizontal
19.048743659155107,314.1566265060241,200.0,0,horizontal
12.44354844603701,314.7590361445783,200.0,0,horizontal
15.96335793180623,315.3614457831325,200.0,0,horizontal
18.831345234023033,315.96385542168673,200.0,0,horizontal
20.457372852447193,316.566265060241,200.0,0,horizontal
17.65217071721387,317.1686746987952,200.0,0,horizontal
14.135656793497235,317.7710843373494,200.0,0,horizontal
14.294403481910969,318.3734939759036,200.0,0,horizontal
23.63854317136294,318.9759036144578,200.0,0,horizontal
27.12999704745074,319.5783132530121,200.0,0,horizontal
26.01419030016411,320.1807228915663,200.0,0,horizontal
18.36467229805264,320.7831325301205,200.0,0,horizontal
28.002307384710857,321.3855421686747,200.0,0,horizontal
20.69463603766374,321.9879518072289,200.0,0,horizontal
20.163932904806313,322.5903614457832,200.0,0,horizontal
13.708616324978248,323.1927710843373,200.0,0,horizontal
21.99414498356532,323.7951807228916,200.0,0,horizontal
26.645070669950325,324.3975903614458,200.0,0,horizontal
11.925022053657566,325.0,200.0,0,horizontal
20.34530364705042,325.6024096385542,200.0,0,horizontal
14.145531887008422,326.2048192771084,200.0,0,horizontal
29.517635515986566,326.8072289156627,200.0,0,horizontal
12.933756568440538,327.4096385542169,200.0,0,horizontal
10.90854282965263,328.0120481927711,200.0,0,horizontal
26.175193870964783,328.6144578313253,200.0,0,horizontal
16.15507271442489,329.2168674698795,200.0,0,horizontal
27.296153422298477,329.81927710843377,200.0,0,horizontal
29.388344219529827,330.421686746988,200.0,0,horizontal
21.8037516225394,331.0240963855422,200.0,0,horizontal
18.50091380215314,331.6265060240964,200.0,0,horizontal
18.93573805714309,332.2289156626506,200.0,0,horizontal
21.98291883389231,332.83132530120486,200.0,0,horizontal
28.12509995217031,333.43373493975906,200.0,0,horizontal
27.98693734538112,334.03614457831327,200.0,0,horizontal
23.76451908274212,334.6385542168675,200.0,0,horizontal
17.74390072857635,335.2409638554217,200.0,0,horizontal
21.800375998291862,335.84337349397595,200.0,0,horizontal
18.88369099044487,336.4457831325301,200.0,0,horizontal
28.936505107354975,337.04819277108436,200.0,0,horizontal
26.093784623724595,337.65060240963857,200.0,0,horizontal
17.189067916828076,338.2530120481928,200.0,0,horizontal
16.867262632906016,338.855421686747,200.0,0,horizontal
13.57181614460088,339.4578313253012,200.0,0,horizontal
20.819951618489274,340.06024096385545,200.0,0,horizontal
24.270703392537353,340.66265060240966,200.0,0,horizontal
28.07430383366302,341.26506024096386,200.0,0,horizontal
25.097295484215635,341.86746987951807,200.0,0,horizontal
20.990779478184113,342.4698795180723,200.0,0,horizontal
26.68298616764053,343.07228915662654,200.0,0,horizontal
16.509298740447512,343.67469879518075,200.0,0,horizontal
23.828650362660362,344.27710843373495,200.0,0,horizontal
10.698368818984038,344.87951807228916,200.0,0,horizontal
28.533338961578266,345.48192771084337,200.0,0,horizontal
15.073185702829573,346.08433734939763,200.0,0,horizontal
14.27463557101132,346.68674698795184,200.0,0,horizontal
13.762428671950808,347.28915662650604,200.0,0,horizontal
16.672068159323004,347.89156626506025,200.0,0,horizontal
14.900693428923226,348.49397590361446,200.0,0,horizontal
27.014271730481838,349.0963855421687,200.0,0,horizontal
25.529155028020313,349.69879518072287,200.0,0,horizontal
18.82722203192185,350.30120481927713,200.0,0,horizontal
28.680538676814017,350.90361445783134,200.0,0,horizontal
26.676099232530397,351.50602409638554,200.0,0,horizontal
11.19731679339175,352.10843373493975,200.0,0,horizontal
29.939644136494522,352.71084337349396,200.0,0,horizontal
11.587824456619453,353.3132530120482,200.0,0,horizontal
20.952356239440256,353.9156626506024,200.0,0,horizontal
26.194306657500398,354.51807228915663,200.0,0,horizontal
14.220873163441208,355.12048192771084,200.0,0,horizontal
17.953049722012285,355.72289156626505,200.0,0,horizontal
26.21985790045289,356.3253012048193,200.0,0,horizontal
24.141561178872436,356.9277108433735,200.0,0,horizontal
22.2057039615746,357.5301204819277,200.0,0,horizontal
15.326722342710033,358.13253012048193,200.0,0,horizontal
27.806813272884902,358.73493975903614,200.0,0,horizontal
13.961693377683426,359.3373493975904,200.0,0,horizontal
25.331360713200198,359.93975903614455,200.0,0,horizontal
21.448403857482976,360.5421686746988,200.0,0,horizontal
27.690690505743223,361.144578313253,200.0,0,horizontal
11.067792864483563,361.7469879518072,200.0,0,horizontal
19.22679932167199,362.3493975903615,200.0,0,horizontal
19.73304093338736,362.95180722891564,200.0,0,horizontal
11.209706685675023,363.5542168674699,200.0,0,horizontal
11.75162791323138,364.1566265060241,200.0,0,horizontal
10.453643660625326,364.7590361445783,200.0,0,horizontal
29.11180067715424,365.3614457831326,200.0,0,horizontal
10.316392022919317,365.96385542168673,200.0,0,horizontal
20.535521186036593,366.566265060241,200.0,0,horizontal
11.422200112418466,367.1686746987952,200.0,0,horizontal
29.03884423901782,367.7710843373494,200.0,0,horizontal
19.57758119352557,368.3734939759036,200.0,0,horizontal
28.091578241634792,368.9759036144578,200.0,0,horizontal
28.398177251165535,369.5783132530121,200.0,0,horizontal
14.06570356059901,370.1807228915663,200.0,0,horizontal
28.839403794286284,370.7831325301205,200.0,0,horizontal
25.728770296816528,371.3855421686747,200.0,0,horizontal
27.129819844837268,371.9879518072289,200.0,0,horizontal
14.734335262542924,372.5903614457832,200.0,0,horizontal
15.731875075291239,373.1927710843373,200.0,0,horizontal
18.646173212806943,373.7951807228916,200.0,0,horizontal
23.22622939652577,374.3975903614458,200.0,0,horizontal
11.765306198750327,375.0,200.0,0,horizontal
21.271156863116474,375.60240963855426,200.0,0,horizontal
24.427569773148743,376.2048192771084,200.0,0,horizontal
29.422889646718374,376.8072289156627,200.0,0,horizontal
29.085853875774287,377.4096385542169,200.0,0,horizontal
16.284271595928733,378.0120481927711,200.0,0,horizontal
24.322699539840322,378.61445783132535,200.0,0,horizontal
29.890943850431796,379.2168674698795,200.0,0,horizontal
25.929864792264343,379.81927710843377,200.0,0,horizontal
18.094558900195445,380.421686746988,200.0,0,horizontal
26.501199132678032,381.0240963855422,200.0,0,horizontal
16.953357115149068,381.6265060240964,200.0,0,horizontal
15.273351455536012,382.2289156626506,200.0,0,horizontal
19.289355770460695,382.83132530120486,200.0,0,horizontal
11.749008085474436,383.43373493975906,200.0,0,horizontal
16.872743769693365,384.03614457831327,200.0,0,horizontal
23.507519142551608,384.6385542168675,200.0,0,horizontal
21.116546037439313,385.2409638554217,200.0,0,horizontal
14.189125209709816,385.84337349397595,200.0,0,horizontal
28.320566373268058,386.4457831325301,200.0,0,horizontal
22.130850098441492,387.04819277108436,200.0,0,horizontal
11.682187458104153,387.65060240963857,200.0,0,horizontal
16.0327140641456,388.2530120481928,200.0,0,horizontal
25.109556410116184,388.85542168674704,200.0,0,horizontal
15.85652532067689,389.4578313253012,200.0,0,horizontal
18.021563052897392,390.06024096385545,200.0,0,horizontal
19.03935942222553,390.66265060240966,200.0,0,horizontal
27.23660134021682,391.26506024096386,200.0,0,horizontal
10.84117043572508,391.8674698795181,200.0,0,horizontal
17.29982409696609,392.4698795180723,200.0,0,horizontal
15.74373523698293,393.07228915662654,200.0,0,horizontal
12.753966869485758,393.67469879518075,200.0,0,horizontal
19.852574049709386,394.27710843373495,200.0,0,horizontal
24.21641396136505,394.87951807228916,200.0,0,horizontal
27.402371554205878,395.48192771084337,200.0,0,horizontal
19.656274833709478,396.08433734939763,200.0,0,horizontal
17.362975301052757,396.68674698795184,200.0,0,horizontal
15.08101160095559,397.28915662650604,200.0,0,horizontal
14.47190699818483,397.89156626506025,200.0,0,horizontal
20.481048546903708,398.49397590361446,200.0,0,horizontal
14.068182511552752,399.0963855421687,200.0,0,horizontal
16.779460313493512,399.69879518072287,200.0,0,horizontal
16.906825988514274,400.30120481927713,200.0,0,horizontal
27.07212595832289,400.90361445783134,200.0,0,horizontal
27.32426343897341,401.50602409638554,200.0,0,horizontal
27.69498125765081,402.1084337349398,200.0,0,horizontal
20.66862673660058,402.71084337349396,200.0,0,horizontal
26.495136112322093,403.3132530120482,200.0,0,horizontal
17.982609792990978,403.9156626506024,200.0,0,horizontal
26.800103188388114,404.51807228915663,200.0,0,horizontal
28.392327434984534,405.1204819277109,200.0,0,horizontal
14.539154770406919,405.72289156626505,200.0,0,horizontal
26.473228450665296,406.3253012048193,200.0,0,horizontal
18.72625279331003,406.9277108433735,200.0,0,horizontal
18.772508093482784,407.5301204819277,200.0,0,horizontal
12.523455745411846,408.13253012048193,200.0,0,horizontal
20.983702793964813,408.73493975903614,200.0,0,horizontal
21.358976004426484,409.3373493975904,200.0,0,horizontal
28.070365565132903,409.9397590361446,200.0,0,horizontal
10.919044882108569,410.5421686746988,200.0,0,horizontal
12.634425494083303,411.144578313253,200.0,0,horizontal
26.925630177476375,411.7469879518072,200.0,0,horizontal
14.483161534413846,412.3493975903615,200.0,0,horizontal
14.743780654132808,412.95180722891564,200.0,0,horizontal
11.671545775606486,413.5542168674699,200.0,0,horizontal
14.289348237625337,414.1566265060241,200.0,0,horizontal
29.345665042005574,414.7590361445783,200.0,0,horizontal
28.573124959329082,415.3614457831326,200.0,0,horizontal
20.666193959529977,415.96385542168673,200.0,0,horizontal
15.534461772506882,416.566265060241,200.0,0,horizontal
14.25472790673176,417.1686746987952,200.0,0,horizontal
12.512759571482023,417.7710843373494,200.0,0,horizontal
12.786990717965631,418.37349397590367,200.0,0,horizontal
20.770987910476716,418.9759036144578,200.0,0,horizontal
22.374338782241857,419.5783132530121,200.0,0,horizontal
25.81287707018575,420.1807228915663,200.0,0,horizontal
14.836988509530919,420.7831325301205,200.0,0,horizontal
17.148716289624748,421.3855421686747,200.0,0,horizontal
22.690222898565004,421.9879518072289,200.0,0,horizontal
26.24194416314593,422.5903614457832,200.0,0,horizontal
23.387815218053202,423.1927710843374,200.0,0,horizontal
21.535086509850753,423.7951807228916,200.0,0,horizontal
23.111446501980126,424.3975903614458,200.0,0,horizontal
22.30769946189657,425.0,200.0,0,horizontal
15.70502236906031,225.0,300.0,0,diagonal1
26.372999578022206,225.6024096385542,299.3975903614458,0,diagonal1
14.21743770836944,226.2048192771084,298.7951807228916,0,diagonal1
21.87727677673038,226.80722891566265,298.1927710843373,0,diagonal1
13.562504336221002,227.40963855421688,297.5903614457831,0,diagonal1
19.98590196890838,228.0120481927711,296.9879518072289,0,diagonal1
26.990635170646186,228.6144578313253,296.3855421686747,0,diagonal1
28.370262968946488,229.2168674698795,295.7831325301205,0,diagonal1
19.042766200080607,229.81927710843374,295.18072289156623,0,diagonal1
15.490419808446095,230.42168674698797,294.578313253012,0,diagonal1
19.203937186014812,231.02409638554218,293.9759036144578,0,diagonal1
22.467534434479425,231.6265060240964,293.3734939759036,0,diagonal1
14.663509612893291,232.2289156626506,292.7710843373494,0,diagonal1
23.376261151753244,232.8313253012048,292.1686746987952,0,diagonal1
20.837798607647073,233.43373493975903,291.566265060241,0,diagonal1
17.17747573883201,234.03614457831327,290.96385542168673,0,diagonal1
22.649905999391713,234.63855421686748,290.3614457831325,0,diagonal1
28.367661795867175,235.24096385542168,289.7590361445783,0,diagonal1
28.93836840491896,235.8433734939759,289.1566265060241,0,diagonal1
12.896339829529824,236.44578313253012,288.5542168674699,0,diagonal1
13.21514311590477,237.04819277108433,287.95180722891564,0,diagonal1
17.45712122742171,237.65060240963857,287.34939759036143,0,diagonal1
25.705194525881637,238.25301204819277,286.7469879518072,0,diagonal1
27.615913304553466,238.85542168674698,286.144578313253,0,diagonal1
15.994925202881447,239.4578313253012,285.5421686746988,0,diagonal1
18.276593941301407,240.06024096385542,284.93975903614455,0,diagonal1
12.891344582665674,240.66265060240966,284.33734939759034,0,diagonal1
17.574979418538966,241.26506024096386,283.73493975903614,0,diagonal1
20.727763954067804,241.86746987951807,283.13253012048193,0,diagonal1
11.437083974991014,242.46987951807228,282.5301204819277,0,diagonal1
24.530740238386564,243.0722891566265,281.92771084337346,0,diagonal1
21.0609362581025,243.67469879518072,281.3253012048193,0,diagonal1
25.744746115207526,244.27710843373495,280.72289156626505,0,diagonal1
11.979710407409774,244.87951807228916,280.12048192771084,0,diagonal1
29.276682043457292,245.48192771084337,279.51807228915663,0,diagonal1
21.215074886978577,246.0843373493976,278.91566265060237,0,diagonal1
26.460547819663077,246.6867469879518,278.3132530120482,0,diagonal1
10.210887072208399,247.28915662650604,277.71084337349396,0,diagonal1
22.75767008370846,247.89156626506025,277.10843373493975,0,diagonal1
20.890947214150813,248.49397590361446,276.50602409638554,0,diagonal1
22.377950361189562,249.09638554216866,275.90361445783134,0,diagonal1
22.78041867497329,249.6987951807229,275.30120481927713,0,diagonal1
15.084022158132594,250.3012048192771,274.69879518072287,0,diagonal1
21.27278246598597,250.90361445783134,274.09638554216866,0,diagonal1
25.60509563545444,251.50602409638554,273.49397590361446,0,diagonal1
15.923620459992671,252.10843373493975,272.89156626506025,0,diagonal1
11.640600182153646,252.710843373494,272.28915662650604,0,diagonal1
13.566333085383365,253.3132530120482,271.6867469879518,0,diagonal1
24.449650750637755,253.91566265060243,271.0843373493976,0,diagonal1
14.10824424383396,254.51807228915663,270.48192771084337,0,diagonal1
12.210976034064693,255.12048192771084,269.87951807228916,0,diagonal1
12.33541560505305,255.72289156626505,269.27710843373495,0,diagonal1
16.932088723766192,256.3253012048193,268.6746987951807,0,diagonal1
18.936808511869554,256.92771084337346,268.07228915662654,0,diagonal1
19.47157807938558,257.5301204819277,267.4698795180723,0,diagonal1
24.511894680833628,258.13253012048193,266.86746987951807,0,diagonal1
13.623364073026638,258.73493975903614,266.26506024096386,0,diagonal1
26.630044237906596,259.3373493975904,265.6626506024096,0,diagonal1
14.253528625874095,259.93975903614455,265.06024096385545,0,diagonal1
27.24069753479077,260.5421686746988,264.4578313253012,0,diagonal1
14.256684548778528,261.144578313253,263.855421686747,0,diagonal1
18.982270734631967,261.7469879518072,263.2530120481928,0,diagonal1
27.119152898781017,262.34939759036143,262.65060240963857,0,diagonal1
21.201380550337102,262.95180722891564,262.04819277108436,0,diagonal1
12.65128035170818,263.5542168674699,261.4457831325301,0,diagonal1
17.764832519875565,264.1566265060241,260.8433734939759,0,diagonal1
23.76563282771405,264.7590361445783,260.2409638554217,0,diagonal1
15.737703491338388,265.3614457831325,259.6385542168675,0,diagonal1
23.761995814390982,265.96385542168673,259.03614457831327,0,diagonal1
15.372888619510068,266.566265060241,258.433734939759,0,diagonal1
12.327698815549713,267.1686746987952,257.8313253012048,0,diagonal1
19.41349303765411,267.7710843373494,257.2289156626506,0,diagonal1
17.000938928052918,268.3734939759036,256.6265060240964,0,diagonal1
17.263495844127547,268.9759036144578,256.0240963855422,0,diagonal1
11.429500513293638,269.5783132530121,255.42168674698794,0,diagonal1
24.294747491409225,270.1807228915663,254.81927710843374,0,diagonal1
16.799378067858708,270.7831325301205,254.2168674698795,0,diagonal1
14.889792914040626,271.3855421686747,253.6144578313253,0,diagonal1
22.972244681609123,271.9879518072289,253.0120481927711,0,diagonal1
23.048106650463435,272.5903614457831,252.40963855421685,0,diagonal1
12.430504742987289,273.1927710843373,251.80722891566265,0,diagonal1
12.230035855584944,273.7951807228916,251.2048192771084,0,diagonal1
15.809917457348037,274.3975903614458,250.6024096385542,0,diagonal1
25.588321207819163,275.0,250.0,0,diagonal1
20.850763816800303,275.6024096385542,249.3975903614458,0,diagonal1
11.700989630869499,276.2048192771084,248.79518072289156,0,diagonal1
19.247904034998832,276.8072289156627,248.19277108433735,0,diagonal1
21.618893917114917,277.4096385542169,247.59036144578312,0,diagonal1
21.565593101814642,278.0120481927711,246.9879518072289,0,diagonal1
11.086940297479499,278.6144578313253,246.3855421686747,0,diagonal1
15.375859899096913,279.2168674698795,245.78313253012047,0,diagonal1
28.592925986801994,279.81927710843377,245.18072289156626,0,diagonal1
13.246491497169593,280.421686746988,244.57831325301203,0,diagonal1
15.016103045998566,281.0240963855422,243.97590361445782,0,diagonal1
11.051567221068943,281.6265060240964,243.3734939759036,0,diagonal1
23.852412286067896,282.2289156626506,242.7710843373494,0,diagonal1
11.90748070388883,282.83132530120486,242.16867469879517,0,diagonal1
18.235523487378273,283.43373493975906,241.56626506024097,0,diagonal1
25.26428461870414,284.03614457831327,240.96385542168673,0,diagonal1
28.308636562865196,284.6385542168675,240.36144578313252,0,diagonal1
11.951247145760004,285.2409638554217,239.75903614457832,0,diagonal1
28.053878821425982,285.8433734939759,239.15662650602408,0,diagonal1
24.572508426732572,286.4457831325301,238.55421686746988,0,diagonal1
10.992166377059661,287.04819277108436,237.95180722891564,0,diagonal1
28.674186113894468,287.65060240963857,237.34939759036143,0,diagonal1
16.435790543562927,288.2530120481928,236.74698795180723,0,diagonal1
27.2982362713863,288.855421686747,236.14457831325302,0,diagonal1
23.7922110388984,289.4578313253012,235.5421686746988,0,diagonal1
27.611844271751536,290.06024096385545,234.93975903614458,0,diagonal1
21.203487001186776,290.66265060240966,234.33734939759034,0,diagonal1
15.391983243712108,291.26506024096386,233.73493975903614,0,diagonal1
28.659338732536927,291.86746987951807,233.13253012048193,0,diagonal1
22.01728970992442,292.4698795180723,232.53012048192772,0,diagonal1
24.7104079261372,293.07228915662654,231.9277108433735,0,diagonal1
10.804923299611636,293.67469879518075,231.32530120481925,0,diagonal1
19.997109911906836,294.27710843373495,230.72289156626505,0,diagonal1
16.71250399933662,294.87951807228916,230.12048192771084,0,diagonal1
29.198748807520133,295.48192771084337,229.51807228915663,0,diagonal1
15.896132960065117,296.08433734939763,228.9156626506024,0,diagonal1
23.0910905169638,296.6867469879518,228.3132530120482,0,diagonal1
24.984273838392255,297.28915662650604,227.71084337349396,0,diagonal1
21.30714798226621,297.89156626506025,227.10843373493975,0,diagonal1
16.599169874210574,298.49397590361446,226.50602409638554,0,diagonal1
22.32060521507132,299.09638554216866,225.90361445783134,0,diagonal1
18.348419621959685,299.69879518072287,225.3012048192771,0,diagonal1
15.617112822143593,300.30120481927713,224.69879518072287,0,diagonal1
27.114634150107236,300.90361445783134,224.09638554216866,0,diagonal1
18.201595537493844,301.50602409638554,223.49397590361446,0,diagonal1
20.88638039689475,302.10843373493975,222.89156626506025,0,diagonal1
26.11734118563126,302.71084337349396,222.289156626506,0,diagonal1
20.11406930896323,303.3132530120482,221.6867469879518,0,diagonal1
27.203936303832823,303.9156626506024,221.08433734939757,0,diagonal1
12.088383665887267,304.51807228915663,220.48192771084337,0,diagonal1
23.826915118936576,305.12048192771084,219.87951807228916,0,diagonal1
24.358643959994453,305.72289156626505,219.27710843373495,0,diagonal1
19.585953279569594,306.3253012048193,218.67469879518072,0,diagonal1
21.562284581668536,306.9277108433735,218.07228915662648,0,diagonal1
23.965780098601773,307.5301204819277,217.46987951807228,0,diagonal1
28.196719092374003,308.13253012048193,216.86746987951807,0,diagonal1
23.993742513615942,308.73493975903614,216.26506024096386,0,diagonal1
16.136212585490238,309.3373493975904,215.66265060240963,0,diagonal1
19.73630812846791,309.93975903614455,215.06024096385542,0,diagonal1
19.339861419248017,310.5421686746988,214.45783132530119,0,diagonal1
13.37254872361937,311.144578313253,213.85542168674698,0,diagonal1
11.45603337473646,311.7469879518072,213.25301204819277,0,diagonal1
16.619799791669987,312.34939759036143,212.65060240963857,0,diagonal1
16.397612851732493,312.95180722891564,212.04819277108433,0,diagonal1
16.98298839331253,313.5542168674699,211.4457831325301,0,diagonal1
25.785637862017694,314.1566265060241,210.8433734939759,0,diagonal1
10.154246960563022,314.7590361445783,210.24096385542168,0,diagonal1
20.329132271977276,315.3614457831325,209.63855421686748,0,diagonal1
17.582621669798662,315.96385542168673,209.03614457831324,0,diagonal1
25.161610948194856,316.566265060241,208.43373493975903,0,diagonal1
26.550869960130214,317.1686746987952,207.8313253012048,0,diagonal1
21.73439516768699,317.7710843373494,207.2289156626506,0,diagonal1
29.844906590947907,318.3734939759036,206.6265060240964,0,diagonal1
16.77347834000314,318.9759036144578,206.02409638554218,0,diagonal1
22.478336067349957,319.5783132530121,205.42168674698794,0,diagonal1
10.451313536454773,320.1807228915663,204.8192771084337,0,diagonal1
16.50808476741833,320.7831325301205,204.2168674698795,0,diagonal1
16.047278393115377,321.3855421686747,203.6144578313253,0,diagonal1
22.21064198495691,321.9879518072289,203.0120481927711,0,diagonal1
21.31550333875973,322.5903614457832,202.40963855421685,0,diagonal1
22.18872698607997,323.1927710843373,201.80722891566265,0,diagonal1
27.509420752238135,323.7951807228916,201.2048192771084,0,diagonal1
22.31410139780312,324.3975903614458,200.6024096385542,0,diagonal1
15.548822002264647,325.0,200.0,0,diagonal1
25.388355352808507,325.6024096385542,199.3975903614458,0,diagonal1
10.675363110594438,326.2048192771084,198.79518072289156,0,diagonal1
20.266157143537658,326.8072289156627,198.19277108433732,0,diagonal1
21.816903607556675,327.4096385542169,197.59036144578312,0,diagonal1
23.52646434908699,328.0120481927711,196.9879518072289,0,diagonal1
27.902297680141924,328.6144578313253,196.3855421686747,0,diagonal1
15.82484448637059,329.2168674698795,195.78313253012047,0,diagonal1
20.458507456991512,329.81927710843377,195.18072289156626,0,diagonal1
22.30860546064033,330.421686746988,194.57831325301203,0,diagonal1
12.236144587905722,331.0240963855422,193.97590361445782,0,diagonal1
26.04505202355896,331.6265060240964,193.3734939759036,0,diagonal1
18.41422017405427,332.2289156626506,192.7710843373494,0,diagonal1
17.656113249106014,332.83132530120486,192.16867469879517,0,diagonal1
25.244759331752388,333.43373493975906,191.56626506024094,0,diagonal1
24.271135382276604,334.03614457831327,190.96385542168673,0,diagonal1
29.546386993870136,334.6385542168675,190.36144578313252,0,diagonal1
15.722892473795774,335.2409638554217,189.75903614457832,0,diagonal1
15.848845227095406,335.84337349397595,189.15662650602408,0,diagonal1
10.672039333393485,336.4457831325301,188.55421686746988,0,diagonal1
10.381383987963542,337.04819277108436,187.95180722891564,0,diagonal1
18.109597636942365,337.65060240963857,187.34939759036143,0,diagonal1
14.0008461988423,338.2530120481928,186.74698795180723,0,diagonal1
29.096650953330993,338.855421686747,186.14457831325302,0,diagonal1
25.81030879375876,339.4578313253012,185.5421686746988,0,diagonal1
17.311482682553155,340.06024096385545,184.93975903614455,0,diagonal1
15.516512832195662,340.66265060240966,184.33734939759034,0,diagonal1
17.12887834680375,341.26506024096386,183.73493975903614,0,diagonal1
16.657820050627883,341.86746987951807,183.13253012048193,0,diagonal1
21.080023095956893,342.4698795180723,182.5301204819277,0,diagonal1
26.1569359151189,343.07228915662654,181.9277108433735,0,diagonal1
11.530551107545,343.67469879518075,181.32530120481925,0,diagonal1
18.741606561740355,344.27710843373495,180.72289156626505,0,diagonal1
10.169550650088517,344.87951807228916,180.12048192771084,0,diagonal1
18.807957468982067,345.48192771084337,179.51807228915663,0,diagonal1
21.39863498469041,346.08433734939763,178.9156626506024,0,diagonal1
15.308104658730743,346.68674698795184,178.31325301204816,0,diagonal1
13.16841945279802,347.28915662650604,177.71084337349396,0,diagonal1
21.442760064035145,347.89156626506025,177.10843373493975,0,diagonal1
29.275585288866054,348.49397590361446,176.50602409638554,0,diagonal1
27.8732839420909,349.0963855421687,175.9036144578313,0,diagonal1
29.767579332879077,349.69879518072287,175.3012048192771,0,diagonal1
19.438645099645598,350.30120481927713,174.69879518072287,0,diagonal1
12.896627713311181,350.90361445783134,174.09638554216866,0,diagonal1
16.11116367521163,351.50602409638554,173.49397590361446,0,diagonal1
21.65408166086248,352.10843373493975,172.89156626506025,0,diagonal1
21.660320275731305,352.71084337349396,172.289156626506,0,diagonal1
19.816205119514656,353.3132530120482,171.6867469879518,0,diagonal1
27.085950123213575,353.9156626506024,171.08433734939757,0,diagonal1
10.016326001598161,354.51807228915663,170.48192771084337,0,diagonal1
12.008432985454853,355.12048192771084,169.87951807228916,0,diagonal1
13.115604564126418,355.72289156626505,169.27710843373492,0,diagonal1
24.303888922776935,356.3253012048193,168.67469879518072,0,diagonal1
22.568972942942505,356.9277108433735,168.07228915662648,0,diagonal1
17.146030032274034,357.5301204819277,167.46987951807228,0,diagonal1
21.704381807013537,358.13253012048193,166.86746987951807,0,diagonal1
26.521791435720278,358.73493975903614,166.26506024096383,0,diagonal1
10.136314468165281,359.3373493975904,165.66265060240963,0,diagonal1
11.185301956819282,359.93975903614455,165.06024096385542,0,diagonal1
29.244636564932218,360.5421686746988,164.45783132530119,0,diagonal1
20.481754971993922,361.144578313253,163.85542168674698,0,diagonal1
10.093686701042007,361.7469879518072,163.25301204819277,0,diagonal1
26.731306508848697,362.3493975903615,162.65060240963854,0,diagonal1
27.566118869200274,362.95180722891564,162.04819277108433,0,diagonal1
10.328767494459537,363.5542168674699,161.4457831325301,0,diagonal1
15.152640845959917,364.1566265060241,160.8433734939759,0,diagonal1
29.6368424723672,364.7590361445783,160.24096385542168,0,diagonal1
20.48677379133991,365.3614457831326,159.63855421686745,0,diagonal1
15.32489154030612,365.96385542168673,159.03614457831324,0,diagonal1
13.994529736858317,366.566265060241,158.43373493975903,0,diagonal1
16.44496176645651,367.1686746987952,157.8313253012048,0,diagonal1
22.711328488591697,367.7710843373494,157.2289156626506,0,diagonal1
12.05470015859113,368.3734939759036,156.6265060240964,0,diagonal1
19.480542133311893,368.9759036144578,156.02409638554215,0,diagonal1
22.847635472665466,369.5783132530121,155.42168674698794,0,diagonal1
13.714199902795855,370.1807228915663,154.8192771084337,0,diagonal1
29.381977372242595,370.7831325301205,154.2168674698795,0,diagonal1
11.860754120179493,371.3855421686747,153.6144578313253,0,diagonal1
28.926156510231422,371.9879518072289,153.01204819277106,0,diagonal1
20.513793578829553,372.5903614457832,152.40963855421685,0,diagonal1
16.346731395655155,373.1927710843373,151.80722891566265,0,diagonal1
23.36793023799698,373.7951807228916,151.2048192771084,0,diagonal1
15.127180560950242,374.3975903614458,150.6024096385542,0,diagonal1
24.196697151638705,375.0,150.0,0,diagonal1
15.821119686689846,375.60240963855426,149.39759036144576,0,diagonal1
15.161252476231935,376.2048192771084,148.79518072289156,0,diagonal1
20.417048248349,376.8072289156627,148.19277108433732,0,diagonal1
15.075082358780897,377.4096385542169,147.59036144578312,0,diagonal1
17.37379189376106,378.0120481927711,146.9879518072289,0,diagonal1
15.710464011351872,378.61445783132535,146.38554216867468,0,diagonal1
27.272393957690454,379.2168674698795,145.78313253012047,0,diagonal1
16.99873205896078,379.81927710843377,145.18072289156626,0,diagonal1
15.846556444208124,380.421686746988,144.57831325301203,0,diagonal1
26.35146550889819,381.0240963855422,143.97590361445782,0,diagonal1
16.38697824374629,381.6265060240964,143.3734939759036,0,diagonal1
21.671994198883255,382.2289156626506,142.77108433734938,0,diagonal1
15.231700411815716,382.83132530120486,142.16867469879517,0,diagonal1
27.50326393792388,383.43373493975906,141.56626506024094,0,diagonal1
20.43615266382038,384.03614457831327,140.96385542168673,0,diagonal1
27.095363620708508,384.6385542168675,140.36144578313252,0,diagonal1
27.440078949747985,385.2409638554217,139.7590361445783,0,diagonal1
27.90403242322854,385.84337349397595,139.15662650602408,0,diagonal1
18.998105211704306,386.4457831325301,138.55421686746988,0,diagonal1
21.113316088870064,387.04819277108436,137.95180722891564,0,diagonal1
18.078488458364916,387.65060240963857,137.34939759036143,0,diagonal1
24.128266316074733,388.2530120481928,136.74698795180723,0,diagonal1
13.753144587371617,388.85542168674704,136.144578313253,0,diagonal1
10.26137225503129,389.4578313253012,135.5421686746988,0,diagonal1
23.211681480423117,390.06024096385545,134.93975903614455,0,diagonal1
16.750835479434457,390.66265060240966,134.33734939759034,0,diagonal1
17.560720404590004,391.26506024096386,133.73493975903614,0,diagonal1
25.18232768345598,391.8674698795181,133.1325301204819,0,diagonal1
23.82475798153464,392.4698795180723,132.5301204819277,0,diagonal1
16.676081600149665,393.07228915662654,131.9277108433735,0,diagonal1
16.61670183198874,393.67469879518075,131.32530120481925,0,diagonal1
14.232540825299774,394.27710843373495,130.72289156626505,0,diagonal1
12.782870767049257,394.87951807228916,130.12048192771084,0,diagonal1
14.479740201472907,395.48192771084337,129.5180722891566,0,diagonal1
11.731234598054385,396.08433734939763,128.9156626506024,0,diagonal1
12.71695647723468,396.68674698795184,128.31325301204816,0,diagonal1
26.365255463511343,397.28915662650604,127.71084337349396,0,diagonal1
12.65462401371341,397.89156626506025,127.10843373493975,0,diagonal1
22.752780715828777,398.49397590361446,126.50602409638552,0,diagonal1
27.797192178197076,399.0963855421687,125.90361445783131,0,diagonal1
14.533334096082807,399.69879518072287,125.3012048192771,0,diagonal1
26.633143206148272,400.30120481927713,124.69879518072287,0,diagonal1
17.18973375040285,400.90361445783134,124.09638554216866,0,diagonal1
25.618870211120527,401.50602409638554,123.49397590361446,0,diagonal1
23.291338577923987,402.1084337349398,122.89156626506022,0,diagonal1
18.887124123553647,402.71084337349396,122.28915662650601,0,diagonal1
12.635631856115651,403.3132530120482,121.68674698795178,0,diagonal1
16.184156708024595,403.9156626506024,121.08433734939757,0,diagonal1
10.650310441759782,404.51807228915663,120.48192771084337,0,diagonal1
12.002060566756445,405.1204819277109,119.87951807228913,0,diagonal1
23.412125361699395,405.72289156626505,119.27710843373492,0,diagonal1
17.34219477544464,406.3253012048193,118.67469879518072,0,diagonal1
23.559251538324318,406.9277108433735,118.07228915662648,0,diagonal1
29.109827239760104,407.5301204819277,117.46987951807228,0,diagonal1
27.613199769078733,408.13253012048193,116.86746987951807,0,diagonal1
27.76832090906245,408.73493975903614,116.26506024096383,0,diagonal1
24.321877497717825,409.3373493975904,115.66265060240963,0,diagonal1
23.037390837840334,409.9397590361446,115.06024096385539,0,diagonal1
13.07189350852385,410.5421686746988,114.45783132530119,0,diagonal1
15.808056602850906,411.144578313253,113.85542168674698,0,diagonal1
24.979020020157115,411.7469879518072,113.25301204819274,0,diagonal1
27.7343325353328,412.3493975903615,112.65060240963854,0,diagonal1
18.971758692984224,412.95180722891564,112.04819277108433,0,diagonal1
13.373971250352891,413.5542168674699,111.4457831325301,0,diagonal1
23.55896852042126,414.1566265060241,110.84337349397589,0,diagonal1
11.62233142334031,414.7590361445783,110.24096385542168,0,diagonal1
20.101681924458347,415.3614457831326,109.63855421686745,0,diagonal1
25.755322827968577,415.96385542168673,109.03614457831324,0,diagonal1
21.95095877623926,416.566265060241,108.433734939759,0,diagonal1
13.400712447001439,417.1686746987952,107.8313253012048,0,diagonal1
10.705768987077192,417.7710843373494,107.22891566265059,0,diagonal1
19.447783956501873,418.37349397590367,106.62650602409636,0,diagonal1
27.174946307881186,418.9759036144578,106.02409638554215,0,diagonal1
24.968021962152417,419.5783132530121,105.42168674698794,0,diagonal1
17.58705662192153,420.1807228915663,104.81927710843371,0,diagonal1
11.556860818089227,420.7831325301205,104.2168674698795,0,diagonal1
22.682836234294665,421.3855421686747,103.6144578313253,0,diagonal1
24.17177541037002,421.9879518072289,103.01204819277106,0,diagonal1
24.459696559670924,422.5903614457832,102.40963855421685,0,diagonal1
19.14259150746713,423.1927710843374,101.80722891566262,0,diagonal1
22.935942587158465,423.7951807228916,101.20481927710841,0,diagonal1
18.72197963482494,424.3975903614458,100.6024096385542,0,diagonal1
16.652203450516723,425.0,100.0,0,diagonal1
10.488633077963438,225.0,100.0,0,diagonal2
21.738688389667566,225.6024096385542,100.60240963855422,0,diagonal2
18.537447582849154,226.2048192771084,101.20481927710843,0,diagonal2
15.906441865635825,226.80722891566265,101.80722891566265,0,diagonal2
25.102417628585947,227.40963855421688,102.40963855421687,0,diagonal2
21.823047092194354,228.0120481927711,103.01204819277109,0,diagonal2
13.139985882166464,228.6144578313253,103.6144578313253,0,diagonal2
12.563357970443978,229.2168674698795,104.21686746987952,0,diagonal2
18.77682075137308,229.81927710843374,104.81927710843374,0,diagonal2
14.783528767569843,230.42168674698797,105.42168674698796,0,diagonal2
12.575209819721614,231.02409638554218,106.02409638554217,0,diagonal2
18.92494104560884,231.6265060240964,106.62650602409639,0,diagonal2
13.385532489872979,232.2289156626506,107.2289156626506,0,diagonal2
25.102335385041705,232.8313253012048,107.83132530120481,0,diagonal2
24.208014363506948,233.43373493975903,108.43373493975903,0,diagonal2
10.760910959288726,234.03614457831327,109.03614457831326,0,diagonal2
20.590891687132935,234.63855421686748,109.63855421686748,0,diagonal2
21.407500678187276,235.24096385542168,110.24096385542168,0,diagonal2
17.077954423168606,235.8433734939759,110.8433734939759,0,diagonal2
23.63437687547612,236.44578313253012,111.44578313253012,0,diagonal2
18.633021937738476,237.04819277108433,112.04819277108433,0,diagonal2
16.81650267876315,237.65060240963857,112.65060240963855,0,diagonal2
25.22885954158351,238.25301204819277,113.25301204819277,0,diagonal2
20.941466820531858,238.85542168674698,113.855421686747,0,diagonal2
12.202883443710878,239.4578313253012,114.45783132530121,0,diagonal2
26.919264110207124,240.06024096385542,115.06024096385542,0,diagonal2
20.344894655757155,240.66265060240966,115.66265060240964,0,diagonal2
20.25523026633688,241.26506024096386,116.26506024096386,0,diagonal2
24.38928541130263,241.86746987951807,116.86746987951807,0,diagonal2
13.258999603635191,242.46987951807228,117.46987951807229,0,diagonal2
28.48678448011532,243.0722891566265,118.07228915662651,0,diagonal2
16.947527156161563,243.67469879518072,118.67469879518072,0,diagonal2
28.90977000697577,244.27710843373495,119.27710843373494,0,diagonal2
17.572114655531443,244.87951807228916,119.87951807228916,0,diagonal2
17.443456563877625,245.48192771084337,120.48192771084338,0,diagonal2
25.06759852650884,246.0843373493976,121.0843373493976,0,diagonal2
22.303619900177736,246.6867469879518,121.6867469879518,0,diagonal2
12.53334620535866,247.28915662650604,122.28915662650603,0,diagonal2
15.82018746320771,247.89156626506025,122.89156626506025,0,diagonal2
25.472252176479856,248.49397590361446,123.49397590361446,0,diagonal2
16.088976613637136,249.09638554216866,124.09638554216868,0,diagonal2
17.56287688743754,249.6987951807229,124.6987951807229,0,diagonal2
26.541755140282145,250.3012048192771,125.3012048192771,0,diagonal2
28.63924175549506,250.90361445783134,125.90361445783132,0,diagonal2
24.295474272162387,251.50602409638554,126.50602409638554,0,diagonal2
12.521530632115441,252.10843373493975,127.10843373493977,0,diagonal2
25.5047898743148,252.710843373494,127.71084337349399,0,diagonal2
11.812238564468649,253.3132530120482,128.3132530120482,0,diagonal2
21.292368499563178,253.91566265060243,128.91566265060243,0,diagonal2
26.655597968322205,254.51807228915663,129.51807228915663,0,diagonal2
22.223224164982604,255.12048192771084,130.12048192771084,0,diagonal2
21.765510650195623,255.72289156626505,130.72289156626505,0,diagonal2
22.661044667424655,256.3253012048193,131.32530120481928,0,diagonal2
20.582440586328765,256.92771084337346,131.9277108433735,0,diagonal2
15.887631069538735,257.5301204819277,132.53012048192772,0,diagonal2
13.17307570577087,258.13253012048193,133.13253012048193,0,diagonal2
16.769979318054116,258.73493975903614,133.73493975903614,0,diagonal2
28.787939252050123,259.3373493975904,134.33734939759037,0,diagonal2
25.895481698844055,259.93975903614455,134.93975903614458,0,diagonal2
17.718998802305457,260.5421686746988,135.54216867469881,0,diagonal2
21.791614950967077,261.144578313253,136.14457831325302,0,diagonal2
17.132239039379343,261.7469879518072,136.74698795180723,0,diagonal2
11.871074446089436,262.34939759036143,137.34939759036143,0,diagonal2
10.040206598166598,262.95180722891564,137.95180722891567,0,diagonal2
26.66026267591565,263.5542168674699,138.55421686746988,0,diagonal2
29.04947440843479,264.1566265060241,139.1566265060241,0,diagonal2
10.623607510101136,264.7590361445783,139.75903614457832,0,diagonal2
19.495897273606438,265.3614457831325,140.36144578313252,0,diagonal2
21.850387486449392,265.96385542168673,140.96385542168676,0,diagonal2
15.338513468348427,266.566265060241,141.56626506024097,0,diagonal2
29.826324928731577,267.1686746987952,142.1686746987952,0,diagonal2
24.091781021741053,267.7710843373494,142.7710843373494,0,diagonal2
18.197536973595568,268.3734939759036,143.3734939759036,0,diagonal2
10.597467345974705,268.9759036144578,143.97590361445782,0,diagonal2
15.149515910982018,269.5783132530121,144.57831325301206,0,diagonal2
20.823836093061765,270.1807228915663,145.18072289156626,0,diagonal2
13.104145307871578,270.7831325301205,145.7831325301205,0,diagonal2
28.79881351371128,271.3855421686747,146.3855421686747,0,diagonal2
14.842301481985427,271.9879518072289,146.9879518072289,0,diagonal2
25.285196467984782,272.5903614457831,147.59036144578315,0,diagonal2
27.24671485025594,273.1927710843373,148.19277108433735,0,diagonal2
10.5144540423536,273.7951807228916,148.7951807228916,0,diagonal2
29.215555448170935,274.3975903614458,149.3975903614458,0,diagonal2
20.614219899986374,275.0,150.0,0,diagonal2
10.182787607168724,275.6024096385542,150.6024096385542,0,diagonal2
12.329959867289714,276.2048192771084,151.20481927710844,0,diagonal2
24.006162539032328,276.8072289156627,151.80722891566265,0,diagonal2
18.319739624297426,277.4096385542169,152.40963855421688,0,diagonal2
12.528502138172623,278.0120481927711,153.0120481927711,0,diagonal2
22.54715352586041,278.6144578313253,153.6144578313253,0,diagonal2
28.335614369041686,279.2168674698795,154.21686746987953,0,diagonal2
10.402957377809274,279.81927710843377,154.81927710843374,0,diagonal2
25.288112475554243,280.421686746988,155.42168674698797,0,diagonal2
15.762367105459248,281.0240963855422,156.02409638554218,0,diagonal2
10.810053043427654,281.6265060240964,156.6265060240964,0,diagonal2
22.001270586897235,282.2289156626506,157.2289156626506,0,diagonal2
11.04690109466873,282.83132530120486,157.83132530120483,0,diagonal2
19.049624562051584,283.43373493975906,158.43373493975903,0,diagonal2
26.19571376767677,284.03614457831327,159.03614457831327,0,diagonal2
16.79938355737552,284.6385542168675,159.63855421686748,0,diagonal2
16.966620797217843,285.2409638554217,160.24096385542168,0,diagonal2
27.64538130884371,285.8433734939759,160.84337349397592,0,diagonal2
11.662880505569754,286.4457831325301,161.44578313253012,0,diagonal2
14.836077239142234,287.04819277108436,162.04819277108436,0,diagonal2
27.273092098203918,287.65060240963857,162.65060240963857,0,diagonal2
10.859836308434312,288.2530120481928,163.25301204819277,0,diagonal2
21.858923771006395,288.855421686747,163.85542168674698,0,diagonal2
16.266667636433993,289.4578313253012,164.4578313253012,0,diagonal2
14.405800992311546,290.06024096385545,165.06024096385542,0,diagonal2
20.397479177533,290.66265060240966,165.66265060240966,0,diagonal2
23.847488786928928,291.26506024096386,166.26506024096386,0,diagonal2
18.227499730890685,291.86746987951807,166.86746987951807,0,diagonal2
17.57871407700839,292.4698795180723,167.46987951807228,0,diagonal2
20.465745930817526,293.07228915662654,168.0722891566265,0,diagonal2
25.962994195464614,293.67469879518075,168.67469879518075,0,diagonal2
20.647253380181155,294.27710843373495,169.27710843373495,0,diagonal2
25.080341571239508,294.87951807228916,169.87951807228916,0,diagonal2
20.385559049239234,295.48192771084337,170.48192771084337,0,diagonal2
17.335949158557042,296.08433734939763,171.0843373493976,0,diagonal2
18.836110873853563,296.6867469879518,171.6867469879518,0,diagonal2
13.156857005638344,297.28915662650604,172.28915662650604,0,diagonal2
16.521263596383534,297.89156626506025,172.89156626506025,0,diagonal2
16.829352860960583,298.49397590361446,173.49397590361446,0,diagonal2
12.548121163388137,299.09638554216866,174.09638554216866,0,diagonal2
12.431891434148891,299.69879518072287,174.6987951807229,0,diagonal2
17.437276107996116,300.30120481927713,175.30120481927713,0,diagonal2
18.420003428248663,300.90361445783134,175.90361445783134,0,diagonal2
19.67353813281299,301.50602409638554,176.50602409638554,0,diagonal2
29.288236894086427,302.10843373493975,177.10843373493975,0,diagonal2
28.17062892614912,302.71084337349396,177.710843373494,0,diagonal2
24.93403282731744,303.3132530120482,178.3132530120482,0,diagonal2
10.604259607496484,303.9156626506024,178.91566265060243,0,diagonal2
18.927756502467115,304.51807228915663,179.51807228915663,0,diagonal2
25.00064678203697,305.12048192771084,180.12048192771084,0,diagonal2
16.024897293189202,305.72289156626505,180.72289156626505,0,diagonal2
22.31335458854983,306.3253012048193,181.32530120481928,0,diagonal2
21.691265737659617,306.9277108433735,181.92771084337352,0,diagonal2
24.15455161318059,307.5301204819277,182.53012048192772,0,diagonal2
20.722672109482723,308.13253012048193,183.13253012048193,0,diagonal2
20.84509573747618,308.73493975903614,183.73493975903614,0,diagonal2
11.690959014736402,309.3373493975904,184.33734939759037,0,diagonal2
25.033733277473203,309.93975903614455,184.93975903614458,0,diagonal2
16.588495759727437,310.5421686746988,185.54216867469881,0,diagonal2
23.6712395685993,311.144578313253,186.14457831325302,0,diagonal2
28.78825639334623,311.7469879518072,186.74698795180723,0,diagonal2
23.31390996510075,312.34939759036143,187.34939759036143,0,diagonal2
18.402497046694034,312.95180722891564,187.95180722891567,0,diagonal2
29.607989237935236,313.5542168674699,188.5542168674699,0,diagonal2
27.383933361232998,314.1566265060241,189.1566265060241,0,diagonal2
14.167420531734452,314.7590361445783,189.75903614457832,0,diagonal2
29.129493681597342,315.3614457831325,190.36144578313252,0,diagonal2
13.730111364201623,315.96385542168673,190.96385542168676,0,diagonal2
19.72466130761744,316.566265060241,191.56626506024097,0,diagonal2
10.429737813208824,317.1686746987952,192.1686746987952,0,diagonal2
21.652005626421946,317.7710843373494,192.7710843373494,0,diagonal2
17.38381717010736,318.3734939759036,193.3734939759036,0,diagonal2
10.0674089252964,318.9759036144578,193.97590361445782,0,diagonal2
13.607943026859473,319.5783132530121,194.57831325301206,0,diagonal2
13.814373269269442,320.1807228915663,195.1807228915663,0,diagonal2
23.073902102424658,320.7831325301205,195.7831325301205,0,diagonal2
24.574758564283094,321.3855421686747,196.3855421686747,0,diagonal2
28.22927650210977,321.9879518072289,196.9879518072289,0,diagonal2
17.094519019020833,322.5903614457832,197.59036144578315,0,diagonal2
21.976166067609757,323.1927710843373,198.19277108433735,0,diagonal2
13.52325064249563,323.7951807228916,198.7951807228916,0,diagonal2
29.918458617617695,324.3975903614458,199.3975903614458,0,diagonal2
21.80462773466885,325.0,200.0,0,diagonal2
21.355154974413658,325.6024096385542,200.6024096385542,0,diagonal2
29.751905877531534,326.2048192771084,201.20481927710844,0,diagonal2
18.41039377800209,326.8072289156627,201.80722891566268,0,diagonal2
16.72119954076532,327.4096385542169,202.40963855421688,0,diagonal2
19.768737113630266,328.0120481927711,203.0120481927711,0,diagonal2
28.164399117586555,328.6144578313253,203.6144578313253,0,diagonal2
24.900054562520854,329.2168674698795,204.21686746987953,0,diagonal2
13.491891832101802,329.81927710843377,204.81927710843374,0,diagonal2
27.803686071192185,330.421686746988,205.42168674698797,0,diagonal2
23.688361809379963,331.0240963855422,206.02409638554218,0,diagonal2
19.15393705354476,331.6265060240964,206.6265060240964,0,diagonal2
11.683692423818446,332.2289156626506,207.2289156626506,0,diagonal2
11.806606673065108,332.83132530120486,207.83132530120483,0,diagonal2
27.020289232075065,333.43373493975906,208.43373493975906,0,diagonal2
16.697542225764234,334.03614457831327,209.03614457831327,0,diagonal2
28.361592617623344,334.6385542168675,209.63855421686748,0,diagonal2
22.436519589015266,335.2409638554217,210.24096385542168,0,diagonal2
11.123108287219026,335.84337349397595,210.84337349397592,0,diagonal2
11.4429651160808,336.4457831325301,211.44578313253012,0,diagonal2
25.662536064032608,337.04819277108436,212.04819277108436,0,diagonal2
17.922272627508796,337.65060240963857,212.65060240963857,0,diagonal2
21.782431986802905,338.2530120481928,213.25301204819277,0,diagonal2
22.843246382363322,338.855421686747,213.85542168674698,0,diagonal2
18.19055337253646,339.4578313253012,214.4578313253012,0,diagonal2
15.51576317426575,340.06024096385545,215.06024096385545,0,diagonal2
10.198760148708608,340.66265060240966,215.66265060240966,0,diagonal2
20.918863398155313,341.26506024096386,216.26506024096386,0,diagonal2
26.071485803549848,341.86746987951807,216.86746987951807,0,diagonal2
24.378795535741606,342.4698795180723,217.4698795180723,0,diagonal2
17.030351460944065,343.07228915662654,218.0722891566265,0,diagonal2
21.189272723445605,343.67469879518075,218.67469879518075,0,diagonal2
15.738785608289469,344.27710843373495,219.27710843373495,0,diagonal2
27.948156190750105,344.87951807228916,219.87951807228916,0,diagonal2
22.67150586587394,345.48192771084337,220.48192771084337,0,diagonal2
12.58842222047869,346.08433734939763,221.0843373493976,0,diagonal2
28.819587777134913,346.68674698795184,221.68674698795184,0,diagonal2
26.940830691481658,347.28915662650604,222.28915662650604,0,diagonal2
22.42582349931991,347.89156626506025,222.89156626506025,0,diagonal2
27.489923749973354,348.49397590361446,223.49397590361446,0,diagonal2
28.584200547171864,349.0963855421687,224.0963855421687,0,diagonal2
20.351243433355602,349.69879518072287,224.6987951807229,0,diagonal2
15.334902988715996,350.30120481927713,225.30120481927713,0,diagonal2
14.931763455009627,350.90361445783134,225.90361445783134,0,diagonal2
20.298709999233957,351.50602409638554,226.50602409638554,0,diagonal2
12.259643242535986,352.10843373493975,227.10843373493975,0,diagonal2
10.611635962570654,352.71084337349396,227.710843373494,0,diagonal2
14.859723594337137,353.3132530120482,228.3132530120482,0,diagonal2
28.759749739177646,353.9156626506024,228.91566265060243,0,diagonal2
24.116074650900405,354.51807228915663,229.51807228915663,0,diagonal2
23.751145010787162,355.12048192771084,230.12048192771084,0,diagonal2
11.574921392327433,355.72289156626505,230.72289156626508,0,diagonal2
22.42304219592564,356.3253012048193,231.32530120481928,0,diagonal2
21.295052118212993,356.9277108433735,231.92771084337352,0,diagonal2
16.541733057252543,357.5301204819277,232.53012048192772,0,diagonal2
12.343469787910358,358.13253012048193,233.13253012048193,0,diagonal2
22.1129763294745,358.73493975903614,233.73493975903617,0,diagonal2
12.078962305318942,359.3373493975904,234.33734939759037,0,diagonal2
24.249986847401637,359.93975903614455,234.93975903614458,0,diagonal2
13.398144065452522,360.5421686746988,235.54216867469881,0,diagonal2
20.03121941843643,361.144578313253,236.14457831325302,0,diagonal2
14.007490549447256,361.7469879518072,236.74698795180723,0,diagonal2
14.279437462278162,362.3493975903615,237.34939759036146,0,diagonal2
13.508371318877611,362.95180722891564,237.95180722891567,0,diagonal2
12.007308358845775,363.5542168674699,238.5542168674699,0,diagonal2
20.174439423517374,364.1566265060241,239.1566265060241,0,diagonal2
16.71272054061609,364.7590361445783,239.75903614457832,0,diagonal2
12.61142767336798,365.3614457831326,240.36144578313255,0,diagonal2
25.039900009665942,365.96385542168673,240.96385542168676,0,diagonal2
12.002783294955075,366.566265060241,241.56626506024097,0,diagonal2
14.537182863084265,367.1686746987952,242.1686746987952,0,diagonal2
24.635416766754318,367.7710843373494,242.7710843373494,0,diagonal2
22.017875694301534,368.3734939759036,243.3734939759036,0,diagonal2
10.996212841276847,368.9759036144578,243.97590361445785,0,diagonal2
23.117454928891302,369.5783132530121,244.57831325301206,0,diagonal2
14.676371294015986,370.1807228915663,245.1807228915663,0,diagonal2
17.648002330412993,370.7831325301205,245.7831325301205,0,diagonal2
24.43625817799335,371.3855421686747,246.3855421686747,0,diagonal2
19.631119069122995,371.9879518072289,246.98795180722894,0,diagonal2
13.37831204451761,372.5903614457832,247.59036144578315,0,diagonal2
13.140914708304088,373.1927710843373,248.19277108433735,0,diagonal2
23.579079508707892,373.7951807228916,248.7951807228916,0,diagonal2
28.82268649898437,374.3975903614458,249.3975903614458,0,diagonal2
13.446091573450001,375.0,250.0,0,diagonal2
19.749462121876164,375.60240963855426,250.60240963855424,0,diagonal2
16.539094219997068,376.2048192771084,251.20481927710844,0,diagonal2
28.955750998424133,376.8072289156627,251.80722891566268,0,diagonal2
11.070054993287112,377.4096385542169,252.40963855421688,0,diagonal2
12.24784113181263,378.0120481927711,253.0120481927711,0,diagonal2
12.435229285172175,378.61445783132535,253.61445783132532,0,diagonal2
20.882892086715493,379.2168674698795,254.21686746987953,0,diagonal2
23.945807993328852,379.81927710843377,254.81927710843374,0,diagonal2
19.717483245574748,380.421686746988,255.42168674698797,0,diagonal2
24.263705223136757,381.0240963855422,256.0240963855422,0,diagonal2
26.232792333834112,381.6265060240964,256.6265060240964,0,diagonal2
21.56727583725581,382.2289156626506,257.2289156626506,0,diagonal2
19.689708283042126,382.83132530120486,257.83132530120486,0,diagonal2
23.559828280815488,383.43373493975906,258.43373493975906,0,diagonal2
11.49953543522409,384.03614457831327,259.03614457831327,0,diagonal2
22.823043649815986,384.6385542168675,259.6385542168675,0,diagonal2
23.111860924423898,385.2409638554217,260.2409638554217,0,diagonal2
24.802435870786326,385.84337349397595,260.84337349397595,0,diagonal2
21.946530086720653,386.4457831325301,261.4457831325301,0,diagonal2
26.932549098913267,387.04819277108436,262.04819277108436,0,diagonal2
11.043673785961232,387.65060240963857,262.65060240963857,0,diagonal2
22.362575318884886,388.2530120481928,263.2530120481928,0,diagonal2
22.308989346495597,388.85542168674704,263.85542168674704,0,diagonal2
27.134879499490552,389.4578313253012,264.4578313253012,0,diagonal2
20.68713753355436,390.06024096385545,265.06024096385545,0,diagonal2
26.759824023622897,390.66265060240966,265.66265060240966,0,diagonal2
22.92064810911291,391.26506024096386,266.26506024096386,0,diagonal2
29.73965581434362,391.8674698795181,266.8674698795181,0,diagonal2
18.99490746463604,392.4698795180723,267.4698795180723,0,diagonal2
17.80472277840349,393.07228915662654,268.07228915662654,0,diagonal2
29.285312232603825,393.67469879518075,268.67469879518075,0,diagonal2
12.501891693786833,394.27710843373495,269.27710843373495,0,diagonal2
27.909120389005167,394.87951807228916,269.87951807228916,0,diagonal2
26.37978012596278,395.48192771084337,270.48192771084337,0,diagonal2
28.76269290910123,396.08433734939763,271.08433734939763,0,diagonal2
14.035810930772552,396.68674698795184,271.68674698795184,0,diagonal2
22.94865146126003,397.28915662650604,272.28915662650604,0,diagonal2
21.8583236662977,397.89156626506025,272.89156626506025,0,diagonal2
18.929675402173665,398.49397590361446,273.49397590361446,0,diagonal2
16.86290160549543,399.0963855421687,274.0963855421687,0,diagonal2
11.367413043028272,399.69879518072287,274.69879518072287,0,diagonal2
15.847982885227328,400.30120481927713,275.30120481927713,0,diagonal2
28.763855621236637,400.90361445783134,275.90361445783134,0,diagonal2
16.967751441837883,401.50602409638554,276.50602409638554,0,diagonal2
13.710204708277482,402.1084337349398,277.1084337349398,0,diagonal2
24.405425249656787,402.71084337349396,277.71084337349396,0,diagonal2
23.89516565239431,403.3132530120482,278.3132530120482,0,diagonal2
26.179980920167992,403.9156626506024,278.9156626506024,0,diagonal2
18.20247014062395,404.51807228915663,279.51807228915663,0,diagonal2
13.705492250693892,405.1204819277109,280.1204819277109,0,diagonal2
14.04145709782499,405.72289156626505,280.72289156626505,0,diagonal2
22.81482829351571,406.3253012048193,281.3253012048193,0,diagonal2
16.701481196150972,406.9277108433735,281.9277108433735,0,diagonal2
26.486609969767198,407.5301204819277,282.5301204819277,0,diagonal2
26.472155767989214,408.13253012048193,283.13253012048193,0,diagonal2
14.008287647340866,408.73493975903614,283.73493975903614,0,diagonal2
14.040894101645119,409.3373493975904,284.3373493975904,0,diagonal2
19.49088663741748,409.9397590361446,284.9397590361446,0,diagonal2
23.466077848905407,410.5421686746988,285.5421686746988,0,diagonal2
15.206844735317715,411.144578313253,286.144578313253,0,diagonal2
28.678962553964876,411.7469879518072,286.7469879518072,0,diagonal2
24.090831016025135,412.3493975903615,287.3493975903615,0,diagonal2
29.863151893116758,412.95180722891564,287.95180722891564,0,diagonal2
17.480831285614506,413.5542168674699,288.5542168674699,0,diagonal2
21.989326478912098,414.1566265060241,289.1566265060241,0,diagonal2
26.24889463413172,414.7590361445783,289.7590361445783,0,diagonal2
22.523675667073654,415.3614457831326,290.3614457831326,0,diagonal2
11.414686467681081,415.96385542168673,290.96385542168673,0,diagonal2
16.57588113588699,416.566265060241,291.566265060241,0,diagonal2
13.177405040097423,417.1686746987952,292.1686746987952,0,diagonal2
18.001439367317143,417.7710843373494,292.7710843373494,0,diagonal2
19.01700183184976,418.37349397590367,293.37349397590367,0,diagonal2
24.9286723163488,418.9759036144578,293.9759036144578,0,diagonal2
18.64378587879206,419.5783132530121,294.5783132530121,0,diagonal2
28.060157729224557,420.1807228915663,295.1807228915663,0,diagonal2
24.487200486055784,420.7831325301205,295.7831325301205,0,diagonal2
23.237582620724556,421.3855421686747,296.3855421686747,0,diagonal2
29.165759935005457,421.9879518072289,296.9879518072289,0,diagonal2
17.688078099499503,422.5903614457832,297.5903614457832,0,diagonal2
10.029500705176186,423.1927710843374,298.1927710843374,0,diagonal2
22.33878750579534,423.7951807228916,298.7951807228916,0,diagonal2
27.109866903557183,424.3975903614458,299.3975903614458,0,diagonal2
23.392694204649505,425.0,300.0,0,diagonal2
